Nama,Alamat,Username,Password,Role
Dhafin Rayhan Ahmad,Jl. Jalan No. 9,dhafin,akmPDFL2SnPoZjNlI,admin
Admin Master,Jl. Perpus No. 1,admin,kE8exO4DN15f1ON7,admin
Lenovo Laptop,Jl. Komputer No. 75,lenovo,6JvnWSMmZiycqwHp,pengunjung
Moto E4 Plus,Jl. HP No. 4,motorola,BYakFWYwqIWa2VWx,pengunjung
Penguin Antartika,Jl. Es No. 0,penguin,01WlJiUTXxrexhGny,pengunjung
Guarani Guy,Jl. Paraguay No. 999,guarani,lIYDejCVwqIL1vRKW,pengunjung
Logitech Mouse,Jl. Wireless No. 1,logitech,f0duRJxrTL26I,pengunjung
Bytecone,Jl. Coding No. 88,bytecone,QHD4EPSMm9TkJwf13,pengunjung
Anonim,Jl. Rahasia No. 0,anonim,Xci9QM4WDe5BYSpTR,pengunjung
Baterai ABC,Jl. Energi No. 8,abc,ewSewRJwf1EjBJvT,pengunjung
Kunci Gerbang,Jl. Kost No. 34,kunci,7NKlJMZiWZDnPXboM,pengunjung
